{
    "provinces": [{
        "name": "Nationally",
        "stats": {
            "total_clinics": 27,
            "medicine_instock": {
                "lam": 99,
                "sod": 109,
                "ten": 111,
                "bec": 110,
                "hyd": 111,
                "rif60": 107,
                "aba": 101,
                "cex": 108,
                "tet": 112,
                "adr": 112,
                "iso": 112,
                "dta": 99,
                "car": 109,
                "ins": 110,
                "amocap": 108,
                "partab": 103,
                "met": 112,
                "amosus": 111,
                "rif150": 108,
                "med": 112,
                "parsyr": 111,
                "cef": 78
            },
            "medicine_stockouts": {
                "lam": 13,
                "sod": 3,
                "ten": 1,
                "cef": 34,
                "hyd": 1,
                "rif60": 5,
                "aba": 11,
                "cex": 4,
                "partab": 9,
                "dta": 13,
                "car": 3,
                "ins": 2,
                "amocap": 4,
                "bec": 2,
                "amosus": 1,
                "rif150": 4,
                "parsyr": 1
            },
            "monthly_availability": {
                "2016-02": 96.81818181818181,
                "2016-03": 95.15151515151516,
                "2016-01": 95.45454545454545,
                "2016-06": 94.8051948051948,
                "2016-07": 96.42857142857143,
                "2016-04": 94.73684210526315,
                "2016-05": 94.88636363636364
            }
        },
        "code": "ZA"
    }, {
        "name": "Mpumalanga",
        "stats": {
            "total_clinics": 5,
            "medicine_instock": {
                "lam": 19,
                "sod": 19,
                "ten": 19,
                "cef": 19,
                "hyd": 19,
                "rif60": 19,
                "aba": 19,
                "cex": 19,
                "tet": 19,
                "adr": 19,
                "iso": 19,
                "dta": 19,
                "car": 19,
                "ins": 19,
                "amocap": 19,
                "partab": 19,
                "met": 19,
                "amosus": 19,
                "rif150": 19,
                "med": 19,
                "parsyr": 19,
                "bec": 19
            },
            "medicine_stockouts": {},
            "monthly_availability": {
                "2016-02": 100.0,
                "2016-03": 100.0,
                "2016-01": 100.0,
                "2016-06": 100.0,
                "2016-07": 100.0,
                "2016-04": 100.0,
                "2016-05": 100.0
            }
        },
        "code": "MP"
    }, {
        "name": "Western Cape",
        "stats": {
            "total_clinics": 4,
            "medicine_instock": {
                "lam": 4,
                "sod": 3,
                "ten": 4,
                "bec": 3,
                "hyd": 4,
                "rif60": 4,
                "car": 4,
                "aba": 4,
                "cex": 4,
                "tet": 4,
                "iso": 4,
                "dta": 1,
                "met": 4,
                "ins": 4,
                "amocap": 4,
                "partab": 4,
                "adr": 4,
                "amosus": 4,
                "rif150": 4,
                "med": 4,
                "parsyr": 4
            },
            "medicine_stockouts": {
                "cef": 4,
                "bec": 1,
                "sod": 1,
                "dta": 3
            },
            "monthly_availability": {
                "2016-02": 90.9090909090909,
                "2016-01": 88.63636363636364
            }
        },
        "code": "WC"
    }, {
        "name": "Free State",
        "stats": {
            "total_clinics": 2,
            "medicine_instock": {
                "lam": 12,
                "sod": 12,
                "ten": 11,
                "cef": 9,
                "hyd": 11,
                "rif60": 12,
                "aba": 12,
                "cex": 10,
                "tet": 12,
                "adr": 12,
                "iso": 12,
                "dta": 9,
                "car": 11,
                "ins": 11,
                "amocap": 12,
                "partab": 6,
                "met": 12,
                "amosus": 12,
                "rif150": 12,
                "med": 12,
                "parsyr": 12,
                "bec": 12
            },
            "medicine_stockouts": {
                "ten": 1,
                "car": 1,
                "ins": 1,
                "dta": 3,
                "hyd": 1,
                "cef": 3,
                "cex": 2,
                "partab": 6
            },
            "monthly_availability": {
                "2016-02": 95.45454545454545,
                "2016-03": 95.45454545454545,
                "2016-06": 88.63636363636364,
                "2016-07": 97.72727272727273,
                "2016-04": 86.36363636363636,
                "2016-05": 95.45454545454545
            }
        },
        "code": "FS"
    }, {
        "name": "Gauteng",
        "stats": {
            "total_clinics": 4,
            "medicine_instock": {
                "lam": 16,
                "sod": 15,
                "ten": 16,
                "cef": 8,
                "hyd": 16,
                "rif60": 15,
                "aba": 16,
                "cex": 16,
                "tet": 16,
                "adr": 16,
                "iso": 16,
                "dta": 15,
                "car": 16,
                "ins": 16,
                "amocap": 15,
                "partab": 16,
                "met": 16,
                "amosus": 16,
                "rif150": 15,
                "med": 16,
                "parsyr": 15,
                "bec": 16
            },
            "medicine_stockouts": {
                "rif60": 1,
                "sod": 1,
                "dta": 1,
                "cef": 8,
                "rif150": 1,
                "parsyr": 1,
                "amocap": 1
            },
            "monthly_availability": {
                "2016-02": 98.86363636363636,
                "2016-03": 93.18181818181817,
                "2016-01": 95.45454545454545,
                "2016-04": 96.5909090909091,
                "2016-05": 93.18181818181817
            }
        },
        "code": "GT"
    }, {
        "name": "Northern Cape",
        "stats": {
            "total_clinics": 2,
            "medicine_instock": {
                "lam": 10,
                "sod": 10,
                "ten": 10,
                "bec": 10,
                "hyd": 10,
                "rif60": 7,
                "aba": 10,
                "cex": 9,
                "tet": 10,
                "adr": 10,
                "iso": 10,
                "dta": 5,
                "car": 10,
                "ins": 9,
                "amocap": 8,
                "partab": 9,
                "met": 10,
                "amosus": 9,
                "rif150": 8,
                "med": 10,
                "parsyr": 10,
                "cef": 1
            },
            "medicine_stockouts": {
                "dta": 5,
                "cef": 9,
                "ins": 1,
                "amocap": 2,
                "rif60": 3,
                "amosus": 1,
                "rif150": 2,
                "cex": 1,
                "partab": 1
            },
            "monthly_availability": {
                "2016-03": 88.63636363636364,
                "2016-06": 93.18181818181817,
                "2016-07": 90.9090909090909,
                "2016-04": 81.81818181818183,
                "2016-05": 88.63636363636364
            }
        },
        "code": "NC"
    }, {
        "name": "Limpopo",
        "stats": {
            "total_clinics": 2,