{
    "provinces": [{
        "name": "Mpumalanga",
        "stats": {
            "medicine_instock": {
                "rif60": 17,
                "aba": 17,
                "sod": 17,
                "adr": 17,
                "cef": 17,
                "dta": 17,
                "parsyr": 17,
                "met": 17,
                "hyd": 17,
                "cex": 17,
                "med": 17,
                "ten": 17,
                "amosus": 17,
                "lam": 17,
                "rif150": 17,
                "partab": 17,
                "car": 17,
                "amocap": 17,
                "bec": 17,
                "tet": 17,
                "iso": 17,
                "ins": 17
            },
            "medicine_stockouts": {},
            "total_clinics": 5,
            "monthly_availability": {
                "2016-05": 100.0,
                "2016-04": 100.0,
                "2016-06": 100.0,
                "2016-01": 100.0,
                "2016-03": 100.0,
                "2016-02": 100.0
            }
        },
        "code": "MP"
    }, {
        "name": "North West",
        "stats": {
            "medicine_instock": {
                "rif60": 13,
                "aba": 3,
                "sod": 14,
                "adr": 14,
                "cef": 5,
                "dta": 14,
                "parsyr": 14,
                "met": 14,
                "hyd": 14,
                "rif150": 13,
                "med": 14,
                "ten": 14,
                "amosus": 14,
                "lam": 2,
                "cex": 14,
                "partab": 13,
                "car": 12,
                "amocap": 13,
                "bec": 13,
                "tet": 14,
                "iso": 14,
                "ins": 14
            },
            "medicine_stockouts": {
                "rif60": 1,
                "lam": 12,
                "rif150": 1,
                "aba": 11,
                "partab": 1,
                "car": 2,
                "amocap": 1,
                "bec": 1,
                "cef": 9
            },
            "total_clinics": 2,
            "monthly_availability": {
                "2016-05": 84.0909090909091,
                "2016-04": 88.63636363636364,
                "2016-07": 86.36363636363636,
                "2016-06": 81.81818181818183,
                "2016-01": 90.9090909090909,
                "2016-03": 88.63636363636364,
                "2016-02": 90.9090909090909
            }
        },
        "code": "NW"
    }, {
        "name": "Limpopo",
        "stats": {
            "medicine_instock": {
                "rif60": 12,
                "aba": 12,
                "sod": 11,
                "adr": 12,
                "cef": 11,
                "dta": 11,
                "parsyr": 12,
                "met": 12,
                "hyd": 12,
                "rif150": 12,
                "med": 12,
                "ten": 12,
                "amosus": 12,
                "lam": 11,
                "cex": 12,
                "partab": 12,
                "car": 12,
                "amocap": 12,
                "bec": 12,
                "tet": 12,
                "iso": 12,
                "ins": 12
            },
            "medicine_stockouts": {
                "cef": 1,
                "lam": 1,
                "dta": 1,
                "sod": 1
            },
            "total_clinics": 2,
            "monthly_availability": {
                "2016-05": 97.72727272727273,
                "2016-04": 100.0,
                "2016-07": 100.0,
                "2016-06": 100.0,
                "2016-03": 100.0,
                "2016-02": 93.18181818181817
            }
        },
        "code": "LIM"
    }, {
        "name": "Eastern Cape",
        "stats": {
            "medicine_instock": {
                "rif60": 24,
                "aba": 24,
                "sod": 24,
                "adr": 24,
                "cef": 24,
                "dta": 24,
                "parsyr": 24,
                "met": 24,
                "hyd": 24,
                "rif150": 24,
                "med": 24,
                "ten": 24,
                "amosus": 24,
                "lam": 24,
                "cex": 23,
                "partab": 23,
                "car": 24,
                "amocap": 24,
                "bec": 24,
                "tet": 24,
                "iso": 24,
                "ins": 24
            },
            "medicine_stockouts": {
                "cex": 1,
                "partab": 1
            },
            "total_clinics": 6,
            "monthly_availability": {
                "2016-05": 100.0,
                "2016-04": 100.0,
                "2016-07": 100.0,
                "2016-06": 100.0,
                "2016-01": 97.72727272727273,
                "2016-03": 98.48484848484848,
                "2016-02": 100.0
            }
        },
        "code": "EC"
    }, {
        "name": "Northern Cape",
        "stats": {
            "medicine_instock": {
                "rif60": 5,
                "aba": 8,
                "sod": 8,
                "adr": 8,
                "cef": 1,
                "dta": 3,
                "parsyr": 8,
                "met": 8,
                "hyd": 8,
                "cex": 7,
                "med": 8,
                "ten": 8,
                "amosus": 7,
                "lam": 8,
                "rif150": 6,
                "partab": 8,
                "car": 8,
                "amocap": 6,
                "bec": 8,
                "tet": 8,
                "iso": 8,
                "ins": 8
            },
            "medicine_stockouts": {
                "rif60": 3,
                "amocap": 2,
                "cef": 7,
                "cex": 1,
                "rif150": 2,
                "dta": 5,
                "amosus": 1
            },
            "total_clinics": 2,
            "monthly_availability": {
                "2016-05": 88.63636363636364,
                "2016-04": 81.81818181818183,
                "2016-06": 93.18181818181817,
                "2016-03": 88.63636363636364
            }
        },
        "code": "NC"
    }, {
        "name": "Western Cape",
        "stats": {
            "medicine_instock": {
                "rif60": 4,
                "aba": 4,
                "sod": 3,
                "adr": 4,
                "parsyr": 4,
                "dta": 1,
                "met": 4,
                "hyd": 4,
                "rif150": 4,
                "med": 4,
                "ten": 4,
                "amosus": 4,
                "lam": 4,
                "cex": 4,
                "partab": 4,
                "car": 4,
                "ins": 4,
                "bec": 3,
                "tet": 4,
                "iso": 4,
                "amocap": 4
            },
            "medicine_stockouts": {
                "cef": 4,
                "sod": 1,
                "dta": 3,
                "bec": 1
            },
            "total_clinics": 4,
            "monthly_availability": {
                "2016-01": 88.63636363636364,
                "2016-02": 90.9090909090909
            }
        },
        "code": "WC"
    }, {
        "name": "Free State",
        "stats": {
            "medicine_instock": {
                "rif60": 12,
                "aba": 12,
                "sod": 12,
                "adr": 12,
                "cef": 9,
                "dta": 9,
                "parsyr": 12,
                "met": 12,
                "hyd": 11,
                "cex": 10,
                "med": 12,
                "ten": 11,
                "amosus": 12,
                "lam": 12,
                "rif150": 12,
                "partab": 6,
                "car": 11,
                "amocap": 12,
                "bec": 12,
                "tet": 12,
                "iso": 12,
                "ins": 11
            },
            "medicine_stockouts": {
                "ten": 1,